{
  "psnr": {
    "mean": 18.459447026252747,
    "std": 0.6657731792744737
  },
  "ssim": {
    "mean": 0.5521864145994186,
    "std": 0.028691244711553866
  },
  "latent_acc": {
    "mean": 0.84375,
    "std": 0.06903350635742038
  },
  "roundtrip_acc": {
    "mean": 0.80125,
    "std": 0.06577661058461434
  },
  "attacks": {
    "JPEG-90": {
      "mean": 0.803125,
      "std": 0.06825103021200486
    },
    "JPEG-70": {
      "mean": 0.77,
      "std": 0.07597285699511372
    },
    "JPEG-50": {
      "mean": 0.7375,
      "std": 0.07153451963912248
    },
    "Noise-0.01": {
      "mean": 0.805,
      "std": 0.07488532900375079
    },
    "Noise-0.05": {
      "mean": 0.804375,
      "std": 0.07390079921759982
    },
    "Blur-3": {
      "mean": 0.675625,
      "std": 0.07574886550305555
    },
    "Blur-5": {
      "mean": 0.63375,
      "std": 0.08004881323292683
    }
  },
  "timing": {
    "encode_ms": 1.1252403259277344,
    "decode_ms": 0.875697135925293
  },
  "model_params": 207560
}