{
  "config": {
    "w_dim": 32,
    "epochs": 100,
    "batch_size": 32,
    "alpha_l": 0.1,
    "alpha_h": 0.05,
    "n_eval": 50
  },
  "lambda_latent_values": {
    "0.5": {
      "psnr": {
        "mean": 22.849111557006836,
        "std": 2.244128942489624
      },
      "ssim": {
        "mean": 0.810581386089325,
        "std": 0.0967794731259346
      },
      "lpips": {
        "mean": 0.2214360935240984,
        "std": 0.09056041335258545
      },
      "sifid": 47067.734375,
      "acc_none": {
        "mean": 0.6225,
        "std": 0.08072909946233761
      },
      "acc_comb": {
        "mean": 0.609375,
        "std": 0.07584163187194748
      }
    },
    "1.0": {
      "psnr": {
        "mean": 23.904821395874023,
        "std": 2.275177478790283
      },
      "ssim": {
        "mean": 0.8571450710296631,
        "std": 0.07989151775836945
      },
      "lpips": {
        "mean": 0.1520381421595812,
        "std": 0.07595996672843665
      },
      "sifid": 25593.73046875,
      "acc_none": {
        "mean": 0.605625,
        "std": 0.08405959567473544
      },
      "acc_comb": {
        "mean": 0.606875,
        "std": 0.08840823278971251
      }
    },
    "2.0": {
      "psnr": {
        "mean": 24.712295532226562,
        "std": 1.6969269514083862
      },
      "ssim": {
        "mean": 0.8882752060890198,
        "std": 0.04274722933769226
      },
      "lpips": {
        "mean": 0.14096889063715934,
        "std": 0.07052904975077222
      },
      "sifid": 22772.28515625,
      "acc_none": {
        "mean": 0.60125,
        "std": 0.07820246159808526
      },
      "acc_comb": {
        "mean": 0.590625,
        "std": 0.07635494826794136
      }
    },
    "5.0": {
      "psnr": {
        "mean": 26.527822494506836,
        "std": 1.6527652740478516
      },
      "ssim": {
        "mean": 0.9270386695861816,
        "std": 0.029677173122763634
      },
      "lpips": {
        "mean": 0.09023766417056323,
        "std": 0.051567759882631924
      },
      "sifid": 13064.4853515625,
      "acc_none": {
        "mean": 0.62,
        "std": 0.07217600016626025
      },
      "acc_comb": {
        "mean": 0.5925,
        "std": 0.07420411039827915
      }
    },
    "10.0": {
      "psnr": {
        "mean": 29.13888168334961,
        "std": 1.2634919881820679
      },
      "ssim": {
        "mean": 0.9624215960502625,
        "std": 0.010449802502989769
      },
      "lpips": {
        "mean": 0.05251741450279951,
        "std": 0.031679239016698536
      },
      "sifid": 6179.22216796875,
      "acc_none": {
        "mean": 0.595625,
        "std": 0.07299668228762182
      },
      "acc_comb": {
        "mean": 0.5875,
        "std": 0.07207851621669248
      }
    },
    "20.0": {
      "psnr": {
        "mean": 33.59300231933594,
        "std": 1.810782790184021
      },
      "ssim": {
        "mean": 0.984653115272522,
        "std": 0.0058714463375508785
      },
      "lpips": {
        "mean": 0.021382105452939868,
        "std": 0.019102473482150887
      },
      "sifid": 1788.1943359375,
      "acc_none": {
        "mean": 0.566875,
        "std": 0.08220829109645815
      },
      "acc_comb": {
        "mean": 0.56,
        "std": 0.07495832175282476
      }
    }
  },
  "timestamp": "2026-03-03T22:03:07.068763"
}