{
  "config": {
    "epochs": 150,
    "n_eval": 50,
    "seed": 42,
    "alpha_l": 0.1,
    "alpha_h": 0.05,
    "latents": "cache/latents_1000_256.pt"
  },
  "bit_lengths": {
    "32": {
      "w_dim": 32,
      "quality": {
        "psnr": {
          "mean": 28.822759399414064,
          "std": 1.6184071681015955
        },
        "ssim": {
          "mean": 0.642622652053833,
          "std": 0.07421190234650223
        },
        "lpips": {
          "mean": 0.2118314217031002,
          "std": 0.0680931501217875
        },
        "sifid": {
          "mean": 0.018573831706307827,
          "std": 0.014116780175906077
        }
      },
      "attacks": {
        "None": {
          "mean": 0.535,
          "std": 0.08423367794415723
        },
        "C.Crop 0.1": {
          "mean": 0.49875,
          "std": 0.08337603072826147
        },
        "Contr. 2.0": {
          "mean": 0.540625,
          "std": 0.07454287776172852
        },
        "Rot. 15": {
          "mean": 0.49375,
          "std": 0.08431710977020027
        },
        "JPEG 70": {
          "mean": 0.535,
          "std": 0.08353517223301811
        },
        "Comb.": {
          "mean": 0.505,
          "std": 0.0936165717167639
        }
      }
    },
    "48": {
      "w_dim": 48,
      "quality": {
        "psnr": {
          "mean": 29.674765434265137,
          "std": 2.7728162890547177
        },
        "ssim": {
          "mean": 0.6532271540164948,
          "std": 0.11256281371598957
        },
        "lpips": {
          "mean": 0.17818810991942882,
          "std": 0.06856385551394292
        },
        "sifid": {
          "mean": 0.013510265653021634,
          "std": 0.010861687032471232
        }
      },
      "attacks": {
        "None": {
          "mean": 0.5366666847467423,
          "std": 0.08020806699353704
        },
        "C.Crop 0.1": {
          "mean": 0.4912500160932541,
          "std": 0.07084436539331995
        },
        "Contr. 2.0": {
          "mean": 0.5162500131130219,
          "std": 0.07208333738277532
        },
        "Rot. 15": {
          "mean": 0.49291668117046356,
          "std": 0.07004587032107283
        },
        "JPEG 70": {
          "mean": 0.5341666853427887,
          "std": 0.07770135793665496
        },
        "Comb.": {
          "mean": 0.4958333474397659,
          "std": 0.06441510766356708
        }
      }
    },
    "64": {
      "w_dim": 64,
      "quality": {
        "psnr": {
          "mean": 28.69579319000244,
          "std": 2.10192772163172
        },
        "ssim": {
          "mean": 0.6561493444442749,
          "std": 0.08675845508411276
        },
        "lpips": {
          "mean": 0.214386568069458,
          "std": 0.06924044171004244
        },
        "sifid": {
          "mean": 0.0196341970609501,
          "std": 0.012888397088080058
        }
      },
      "attacks": {
        "None": {
          "mean": 0.531875,
          "std": 0.07166818070106147
        },
        "C.Crop 0.1": {
          "mean": 0.494375,
          "std": 0.06224636033536419
        },
        "Contr. 2.0": {
          "mean": 0.52875,
          "std": 0.06535360548584905
        },
        "Rot. 15": {
          "mean": 0.5225,
          "std": 0.06548795213625175
        },
        "JPEG 70": {
          "mean": 0.530625,
          "std": 0.07381617793546344
        },
        "Comb.": {
          "mean": 0.5165625,
          "std": 0.057572135458483734
        }
      }
    },
    "96": {
      "w_dim": 96,
      "quality": {
        "psnr": {
          "mean": 28.48232467651367,
          "std": 1.4389795897315882
        },
        "ssim": {
          "mean": 0.6728948509693146,
          "std": 0.05659607650916206
        },
        "lpips": {
          "mean": 0.21928159028291702,
          "std": 0.06243167744860026
        },
        "sifid": {
          "mean": 0.020222134278155862,
          "std": 0.013473126693245017
        }
      },
      "attacks": {
        "None": {
          "mean": 0.5127083504199982,
          "std": 0.04336587697328784
        },
        "C.Crop 0.1": {
          "mean": 0.49979167997837065,
          "std": 0.04246577731483344
        },
        "Contr. 2.0": {
          "mean": 0.5150000143051148,
          "std": 0.04612408255453485
        },
        "Rot. 15": {
          "mean": 0.5052083480358124,
          "std": 0.04882517979534659
        },
        "JPEG 70": {
          "mean": 0.5137500166893005,
          "std": 0.04556931888184616
        },
        "Comb.": {
          "mean": 0.5050000202655792,
          "std": 0.051380260613802506
        }
      }
    },
    "128": {
      "w_dim": 128,
      "quality": {
        "psnr": {
          "mean": 30.0408874130249,
          "std": 3.0207601116144196
        },
        "ssim": {
          "mean": 0.7140084254741669,
          "std": 0.10136211676998426
        },
        "lpips": {
          "mean": 0.18881838522851468,
          "std": 0.08161280055923367
        },
        "sifid": {
          "mean": 0.01613636996331479,
          "std": 0.015210763562944133
        }
      },
      "attacks": {
        "None": {
          "mean": 0.51078125,
          "std": 0.04183562747901004
        },
        "C.Crop 0.1": {
          "mean": 0.50328125,
          "std": 0.042420939791717245
        },
        "Contr. 2.0": {
          "mean": 0.51,
          "std": 0.04247701584386549
        },
        "Rot. 15": {
          "mean": 0.49765625,
          "std": 0.042883438036292056
        },
        "JPEG 70": {
          "mean": 0.50921875,
          "std": 0.04067574955132972
        },
        "Comb.": {
          "mean": 0.5034375,
          "std": 0.044281371294823284
        }
      }
    }
  },
  "timestamp": "2026-03-03T20:55:21.452206"
}